"code";"question"
"id";"ID de la réponse"
"submitdate";"Date de soumission"
"lastpage";"Dernière page"
"startlanguage";"Langue de départ"
"seed";"Tête de série"
"consentement";"En participant à cette enquête consentez-vous à ce que vos données personnelles soient utilisées à des fins de recherche uniquement"
"SocioAge";"Quel est votre âge"
"SocioGenre";"Quel est votre genre"
"SocioCSP";"Quelle est votre catégorie socio professionnelle"
"SocioCSP.other";"Quelle est votre catégorie socio professionnelle - Autre"
"SocioRegion";"Quelle est votre région d'habitation"
"SocioLoc";"Quel est votre code postal"
"SocioCom";"Dans quel type de commune habitez-vous actuellement -  "
"SocioEduc";"Quel est votre niveau de diplôme"
"SocioMenage";"Combien de personnes composent votre ménage"
"SocioRevenu";"Quel est le revenu mensuel net de votre ménage"
"ConSurface";"Environ quelle proportion du territoire français métropolitain est couverte par des forêts"
"ConSurface2";"Depuis 150 ans la surface forestière"
"ConGestion";"Gérer les forêts permet de limiter certains risques associés aux incendies aux insectes aux tempêtes"
"ConProp";"En France la forêt appartient principalement"
"ConEssence";"Les arbres français sont majoritairement des"
"ConRecolte";"En France on récolte"
"ConEval";"Comment évaluez-vous vos connaissances sur la forêt"
"ATTENV.P1";"Veuillez indiquer votre degré d'accord ou de désaccord avec les affirmations suivantes - J'aime beaucoup aller me promener à la campagne par exemple dans la forêt ou dans les champs"
"ATTENV.P1R";"Veuillez indiquer votre degré d'accord ou de désaccord avec les affirmations suivantes - Je trouve que passer du temps dans la nature est ennuyeux"
"ATTENV.P2";"Veuillez indiquer votre degré d'accord ou de désaccord avec les affirmations suivantes - Le gouvernement devrait contrôler la quantité de matières premières qui est utilisée pour s'assurer qu elles durent le plus longtemps possible"
"ATTENV.P2R";"Veuillez indiquer votre degré d'accord ou de désaccord avec les affirmations suivantes - Je suis opposé au contrôle et à la régulation gouvernementale de l utilisation des matières premières pour essayer de les faire perdurer"
"ATTENV.U4";"Veuillez indiquer votre degré d'accord ou de désaccord avec les affirmations suivantes - L une des principales raisons de garder les lacs et les rivières propres est de proposer des lieux où les gens puissent pratiquer des sports aquatiques"
"ATTENV.U4R";"Veuillez indiquer votre degré d'accord ou de désaccord avec les affirmations suivantes - Nous devons garder les rivières et les lacs propres afin de protéger l environnement et NON pour que les gens y pratiquent des sports aquatiques"
"ATTENV.U5R";"Veuillez indiquer votre degré d'accord ou de désaccord avec les affirmations suivantes - La science moderne ne sera pas en mesure de résoudre nos problèmes environnementaux"
"ATTENV.U5";"Veuillez indiquer votre degré d'accord ou de désaccord avec les affirmations suivantes - La science moderne va résoudre nos problèmes environnementaux"
"ATTENV.P6";"Veuillez indiquer votre degré d'accord ou de désaccord avec les affirmations suivantes - Les êtres humains abusent gravement de l environnement"
"ATTENV.P6R";"Veuillez indiquer votre degré d'accord ou de désaccord avec les affirmations suivantes - Je ne crois pas que l environnement ait été gravement malmené par les humains"
"ATTENV.U7R";"Veuillez indiquer votre degré d'accord ou de désaccord avec les affirmations suivantes - Je préfère un jardin à l état sauvage et naturel qu'un jardin soigné et ordonné"
"ATTENV.U7";"Veuillez indiquer votre degré d'accord ou de désaccord avec les affirmations suivantes - Je préfère de loin un jardin qui est bien soigné et ordonné à un jardin à l état sauvage et naturel"
"ATTENV.P8R";"Veuillez indiquer votre degré d'accord ou de désaccord avec les affirmations suivantes - Je ne suis pas le genre de personne qui fait des efforts pour préserver les ressources naturelles"
"ATTENV.P8";"Veuillez indiquer votre degré d'accord ou de désaccord avec les affirmations suivantes - A chaque fois que c est possible j essaie d'économiser les ressources naturelles"
"ATTENV.U9";"Veuillez indiquer votre degré d'accord ou de désaccord avec les affirmations suivantes - Les êtres humains ont évolué ou ont été créés pour dominer le reste de la nature"
"ATTENV.U9R";"Veuillez indiquer votre degré d'accord ou de désaccord avec les affirmations suivantes - Je ne crois PAS que les êtres humains aient évolué ou aient été créés pour dominer le reste de la nature"
"ATTENV.U10";"Veuillez indiquer votre degré d'accord ou de désaccord avec les affirmations suivantes - Protéger les emplois est plus important que protéger l environnement"
"ATTENV.U10R";"Veuillez indiquer votre degré d'accord ou de désaccord avec les affirmations suivantes - Protéger l environnement est plus important que protéger les emplois"
"ATTENV.P12";"Veuillez indiquer votre degré d'accord ou de désaccord avec les affirmations suivantes - Les familles devraient être encouragées à se limiter à deux enfants ou moins"
"ATTENV.P12R";"Veuillez indiquer votre degré d'accord ou de désaccord avec les affirmations suivantes - Un couple marié doit avoir autant d'enfants qu il le souhaite tant qu il peut subvenir à leurs besoins"
"ATTENV.P11";"Veuillez indiquer votre degré d'accord ou de désaccord avec les affirmations suivantes - Le défrichage des forêts pour l agriculture me rend triste"
"ATTENV.P11R";"Veuillez indiquer votre degré d'accord ou de désaccord avec les affirmations suivantes - Cela ne me rend pas triste de voir des environnements naturels détruits"
"ATTENV.P3";"Veuillez indiquer votre degré d'accord ou de désaccord avec les affirmations suivantes - Je voudrais rejoindre et participer activement à un groupe écologiste"
"ATTENV.P3R";"Veuillez indiquer votre degré d'accord ou de désaccord avec les affirmations suivantes - Je ne m impliquerais pas dans une organisation écologiste"
"ATTFO.U4";"Veuillez indiquer votre degré d'accord ou de désaccord avec les affirmations suivantes -  Les forêts doivent être maintenues pour garantir un espace de loisir aux humains"
"ATTFO.U4R";"Veuillez indiquer votre degré d'accord ou de désaccord avec les affirmations suivantes -  Nous devons préserver les forêts afin de protéger l environnement et non pour le loisir des êtres humains"
"ATTFO.U5R";"Veuillez indiquer votre degré d'accord ou de désaccord avec les affirmations suivantes -  Les progrès scientifiques ne permettront pas de préserver les forêts"
"ATTFO.U5";"Veuillez indiquer votre degré d'accord ou de désaccord avec les affirmations suivantes -  La préservation des forêts ne pourra pas se passer des progrès de la science"
"ATTFO.U7R";"Veuillez indiquer votre degré d'accord ou de désaccord avec les affirmations suivantes -  Je préfère une forêt naturelle plutôt qu'une forêt façonnée par l être humain"
"ATTFO.U7";"Veuillez indiquer votre degré d'accord ou de désaccord avec les affirmations suivantes -  Je préfère de loin une forêt ordonnée et propre où les arbres sont alignés et de même taille"
"ATTFO.U9";"Veuillez indiquer votre degré d'accord ou de désaccord avec les affirmations suivantes -  Les forêts existent pour fournir des services et des ressources aux êtres humains"
"ATTFO.U9R";"Veuillez indiquer votre degré d'accord ou de désaccord avec les affirmations suivantes -  Les êtres humains n ont aucun droit à exploiter les forêts"
"ATTFO.U10R";"Veuillez indiquer votre degré d'accord ou de désaccord avec les affirmations suivantes -  Il vaut mieux protéger les forêts que produire du bois"
"ATTFO.U10";"Veuillez indiquer votre degré d'accord ou de désaccord avec les affirmations suivantes -  Produire du bois est plus important que protéger les forêts"
"ATTFO.P1";"Veuillez indiquer votre degré d'accord ou de désaccord avec les affirmations suivantes -  J'aime beaucoup aller me promener dans la forêt"
"ATTFO.P1R";"Veuillez indiquer votre degré d'accord ou de désaccord avec les affirmations suivantes -  Je ne trouve aucun intérêt à passer du temps en forêt"
"ATTFO.P2";"Veuillez indiquer votre degré d'accord ou de désaccord avec les affirmations suivantes -  Le gouvernement devrait s'assurer que les forêts sont gérées durablement pour les préserver"
"ATTFO.P2R";"Veuillez indiquer votre degré d'accord ou de désaccord avec les affirmations suivantes -  Je suis opposé à toute régulation gouvernementale de l exploitation des forêts dans l objectif de les préserver"
"ATTFO.P3";"Veuillez indiquer votre degré d'accord ou de désaccord avec les affirmations suivantes -  Je suis prêt à militer pour que des arbres ne soient pas coupés"
"ATTFO.P3R";"Veuillez indiquer votre degré d'accord ou de désaccord avec les affirmations suivantes -  Je ne militerais pas pour protéger des forêts"
"ATTFO.P6";"Veuillez indiquer votre degré d'accord ou de désaccord avec les affirmations suivantes -  Les êtres humains dégradent trop les forêts"
"ATTFO.P6R";"Veuillez indiquer votre degré d'accord ou de désaccord avec les affirmations suivantes -  Je ne crois pas que les forêts soient menacées par les humains"
"ATTFO.P8";"Veuillez indiquer votre degré d'accord ou de désaccord avec les affirmations suivantes -  Je fais attention à mon comportement lorsque je suis en forêt pour ne pas la dégrader"
"ATTFO.P8R";"Veuillez indiquer votre degré d'accord ou de désaccord avec les affirmations suivantes -  Je ne fais pas particulièrement attention à mon comportement lorsque je suis en forêt"
"ATTFO.test";"Veuillez indiquer votre degré d'accord ou de désaccord avec les affirmations suivantes -  Si vous lisez cette affirmation cochez tout à fait d'accord"
"test";"Si vous lisez cette affirmation cochez tout à fait d'accord"
"ATTBE.EcomenR";"Veuillez indiquer votre degré d'accord ou de désaccord avec les propositions suivantes -  Je trouve que le chauffage au bois nécessite un investissement financier trop important"
"ATTBE.Ecomen";"Veuillez indiquer votre degré d'accord ou de désaccord avec les propositions suivantes -  Je trouve que le chauffage au bois est moins cher que le gaz et l électricité"
"ATTBE.EcolocR";"Veuillez indiquer votre degré d'accord ou de désaccord avec les propositions suivantes -  Je ne pense pas que l essor du bois énergie soutiendra le développement économique de ma région"
"ATTBE.Ecoloc";"Veuillez indiquer votre degré d'accord ou de désaccord avec les propositions suivantes -  Je suis en faveur de l utilisation de bois pour l énergie car cela soutient l économie locale en créant des emplois"
"ATTBE.BienEtreR";"Veuillez indiquer votre degré d'accord ou de désaccord avec les propositions suivantes -  Je trouve que le chauffage au bois n est pas agréable"
"ATTBE.BienEtre";"Veuillez indiquer votre degré d'accord ou de désaccord avec les propositions suivantes -  Se chauffer au bois est particulièrement plaisant"
"ATTBE.TechR";"Veuillez indiquer votre degré d'accord ou de désaccord avec les propositions suivantes -  Se chauffer au bois requiert trop de travail au quotidien"
"ATTBE.Tech";"Veuillez indiquer votre degré d'accord ou de désaccord avec les propositions suivantes -  Les autres sources d'énergie ne sont pas aussi contraignantes que le bois"
"ATTBE.NatureR";"Veuillez indiquer votre degré d'accord ou de désaccord avec les propositions suivantes -  En me chauffant au bois je me sens plus proche de la nature"
"ATTBE.Nature";"Veuillez indiquer votre degré d'accord ou de désaccord avec les propositions suivantes -  Le chauffage au bois ne suscite chez moi aucune émotion particulière"
"ATTBE.DurableR";"Veuillez indiquer votre degré d'accord ou de désaccord avec les propositions suivantes -  Je ne suis pas pour l utilisation de bois pour l énergie car cela dégrade les forêts"
"ATTBE.Durable";"Veuillez indiquer votre degré d'accord ou de désaccord avec les propositions suivantes -  Je suis en faveur de l utilisation du bois pour l énergie car c est renouvelable et durable"
"ATTBE.HealthR";"Veuillez indiquer votre degré d'accord ou de désaccord avec les propositions suivantes -  Je ne suis pas en faveur du bois énergie car cela dégrade la qualité de l air"
"ATTBE.Health";"Veuillez indiquer votre degré d'accord ou de désaccord avec les propositions suivantes -  Le bois est meilleur que les autres sources d'énergies pour l environnement et la santé"
"ATTBC.Ecomen";"Veuillez indiquer votre degré d'accord ou de désaccord avec les propositions suivantes -  Construire en bois permet de faire des économies d'énergie"
"ATTBC.EcomenR";"Veuillez indiquer votre degré d'accord ou de désaccord avec les propositions suivantes -  Le bois est trop cher par rapport aux matériaux de construction comme le béton"
"ATTBC.Ecoloc";"Veuillez indiquer votre degré d'accord ou de désaccord avec les propositions suivantes -  Je suis en faveur du bois de construction car cela permet de redynamiser le tissu économique local"
"ATTBC.EcolocR";"Veuillez indiquer votre degré d'accord ou de désaccord avec les propositions suivantes -  Je ne pense pas que construire en bois aura un impact sur l emploi local"
"ATTBC.BienEtre";"Veuillez indiquer votre degré d'accord ou de désaccord avec les propositions suivantes -  Je trouve que l utilisation du bois dans la construction permet de créer un environnement chaleureux"
"ATTBC.BienEtreR";"Veuillez indiquer votre degré d'accord ou de désaccord avec les propositions suivantes -  Les constructions en bois sont moins esthétiques que les constructions dans d'autres matériaux comme le béton ou la pierre"
"ATTBC.Tech";"Veuillez indiquer votre degré d'accord ou de désaccord avec les propositions suivantes -  Construire en bois ne pose pas de problèmes de sécurité et de durabilité"
"ATTBC.TechR";"Veuillez indiquer votre degré d'accord ou de désaccord avec les propositions suivantes -  Il n est pas facile de trouver des entreprises architectes promoteurs pour construire en bois"
"ATTBC.Nat";"Veuillez indiquer votre degré d'accord ou de désaccord avec les propositions suivantes -  Habiter dans une maison en bois me reconnecte à la nature"
"ATTBC.NatR";"Veuillez indiquer votre degré d'accord ou de désaccord avec les propositions suivantes -  Je ne veux pas que mon habitation m évoque la nature"
"ATTBC.DurableR";"Veuillez indiquer votre degré d'accord ou de désaccord avec les propositions suivantes -  Le bois n est pas un matériau de construction écologique"
"ATTBC.Durable";"Veuillez indiquer votre degré d'accord ou de désaccord avec les propositions suivantes -  Construire en bois est durable car le bois est un matériau renouvelable"
"ATTBC.OnehealthR";"Veuillez indiquer votre degré d'accord ou de désaccord avec les propositions suivantes -  Les autres matériaux de construction sont tout aussi bénéfiques que le bois pour la planète"
"ATTBC.Onehealth";"Veuillez indiquer votre degré d'accord ou de désaccord avec les propositions suivantes -  Construire en bois stocke du carbone et aide à lutter contre le changement climatique"
"ATTMENACE.SantePos";"Veuillez indiquer votre degré d'accord ou de désaccord avec les propositions suivantes -  Je pense que les forêts françaises sont en bonne santé"
"ATTMENACE.SantePosR";"Veuillez indiquer votre degré d'accord ou de désaccord avec les propositions suivantes -  Je ne pense pas que le changement climatique ait de lourdes conséquences sur les forêts françaises"
"ATTMENACE.CCNegR";"Veuillez indiquer votre degré d'accord ou de désaccord avec les propositions suivantes -  Je ne pense pas que les forêts françaises soient en forme"
"ATTMENACE.CCNeg";"Veuillez indiquer votre degré d'accord ou de désaccord avec les propositions suivantes -  Le changement climatique fait peser de graves risques sur les forêts françaises"
"ATTMENACE.GestionPos";"Veuillez indiquer votre degré d'accord ou de désaccord avec les propositions suivantes -  Je pense que les forêts sont gérées durablement en France"
"ATTMENACE.GestionPosR";"Veuillez indiquer votre degré d'accord ou de désaccord avec les propositions suivantes -  La déforestation n est pas un problème pour la forêt française"
"ATTMENACE.GestioNegR";"Veuillez indiquer votre degré d'accord ou de désaccord avec les propositions suivantes -  Pour moi la déforestation n épargne pas les forêts françaises"
"ATTMENACE.GestionNeg";"Veuillez indiquer votre degré d'accord ou de désaccord avec les propositions suivantes -  L exploitation intensive des forêts françaises par les humains menace leur intégrité"
"ATTMENACE.InqNegR";"Veuillez indiquer votre degré d'accord ou de désaccord avec les propositions suivantes -  Je ne pense pas que l exploitation des forêts françaises par les humains endommagera la planète"
"ATTMENACE.InqNeg";"Veuillez indiquer votre degré d'accord ou de désaccord avec les propositions suivantes -  Je suis plutôt optimiste quant à l avenir des forêts en France"
"ATTMENACE.InqPosR";"Veuillez indiquer votre degré d'accord ou de désaccord avec les propositions suivantes -  Je ne suis pas très optimiste vis à vis du futur de la forêt française"
"ATTMENACE.InqPos";"Veuillez indiquer votre degré d'accord ou de désaccord avec les propositions suivantes -  Je pense que l exploitation des forêts françaises par les humains impactera notre bien être futur"
"ProxProp";"Êtes vous ou votre ménage propriétaire d'une forêt"
"ProxRes";"Connaissez-vous quelqu'un dans votre entourage en dehors de votre ménage - qui possède une forêt"
"ProxTravail";"Travaillez-vous ou quelqu'un de votre ménage dans le domaine de la forêt ou du bois"
"ProxRes2";"Avez-vous quelqu'un dans votre entourage en dehors du ménage qui exerce un métier dans le domaine de la forêt ou du bois"
"ProxInfo";"À quel point pensez-vous être informé(e)sur la forêt"
"ProxInfoOu";"Comment êtes vous informé(e)sur la forêt"
"ProxInfoOu.other";"Comment êtes vous informé(e)sur la forêt -  Autre"
"ProxChauf";"Quel est votre moyen de chauffage principal"
"ProxChauf.other";"Quel est votre moyen de chauffage principal - Autre"
"ProxLog";"Votre logement individuel ou collectif est-il construit en bois hors mobilier"
"ProxChauf2";"Disposez-vous d'autres moyens de chauffage"
"ProxChauf2.other";"Disposez-vous d'autres moyens de chauffage - Autre"
"ProxPnr";"Connaissez-vous le Parc Naturel Régional PNR le plus proche de chez vous"
"ProxPnrName";"De quel parc s'agit il"
"ProxProm";"A quelle fréquence vous promenez-vous en forêt"
"ProxParc";"Connaissez-vous d'autres parcs naturels régionaux ou nationaux près de chez vous"
"ProxParcType";"De quel(s) parc(s) s'agit il"
